<assembly>
  <id>src</id>
  <formats>
    <format>zip</format>
  </formats>
  <fileSets>
    <fileSet>
      <includes>
        <include>README*</include>
        <include>LICENSE*</include>
        <include>NOTICE*</include>
        <include>notice*</include>
        <include>addj2eejars.cmd</include>
        <include>pia-ch-10-ejb3/installejb3jars.cmd</include>
        <include>**/pom.xml</include>
        <include>**/src/**</include>
      </includes>
      <excludes>
        <exclude>*jdo*/**</exclude>
      </excludes>
    </fileSet>
    <fileSet>
      <directory>src</directory>
    </fileSet>
  </fileSets>
</assembly>
