<?xml version="1.0" encoding="UTF-8" standalone="no"?>
<blueprint xmlns="http://www.osgi.org/xmlns/blueprint/v1.0.0"
	xmlns:xsi="http://www.w3.org/2001/XMLSchema-instance"
	xmlns:cm="http://www.osgi.org/xmlns/blueprint-cm/v1.0.0"
	xsi:schemaLocation="
		http://www.osgi.org/xmlns/blueprint/v1.0.0 
		http://www.osgi.org/xmlns/blueprint/v1.0.0/blueprint.xsd" >
		
	<reference id="eventAdmin" interface="org.osgi.service.event.EventAdmin" />
	
	<reference id="emf" interface="javax.persistence.EntityManagerFactory" 
		filter="osgi.unit.name=AuctionBookPU" >
	</reference>
		
	<cm:managed-service-factory factory-pid="auction.sealed" auto-export="interfaces" >
		<service-properties>
			<cm:cm-properties persistent-id=""/>
		</service-properties>
		<cm:managed-component 
			class="manning.osgi.sealedauction.SealedFirstPriceAuction" init-method="init" >
			<cm:managed-properties persistent-id="" update-strategy="none" />
			<property name="type" value="Sealed-First-Price"/>
			<property name="eventAdmin" ref="eventAdmin" />
			<property name="entityManagerFactory" ref="emf" />
		</cm:managed-component>
	</cm:managed-service-factory>
	
</blueprint>
