<?xml version="1.0" encoding="UTF-8"?>

<!DOCTYPE beans PUBLIC "-//SPRING//DTD BEAN//EN"
"http://www.springframework.org/dtd/spring-beans.dtd">

<beans default-lazy-init="true">


	<bean id="SqlMapClient"
		class="org.springframework.orm.ibatis.SqlMapClientFactoryBean">
		<property name="configLocation" value="/sqlMap-config.xml" />
		<property name="dataSource" ref="DataSource" />
	</bean>

	<bean id="SqlMapClientTemplate"
		class="org.springframework.orm.ibatis.SqlMapClientTemplate">
		<property name="exceptionTranslator" ref="ExceptionTranslator" />
		<property name="sqlMapClient" ref="SqlMapClient" />
	</bean>

	<bean id="PendingOrderDAO" lazy-init="true"
		class="net.chrisrichardson.foodToGo.placeOrderTransactionScripts.dao.PendingOrderDAOIbatisImpl">
		<constructor-arg ref="SqlMapClientTemplate" />
	</bean>


	<bean id="RestaurantDAO" lazy-init="true"
		class="net.chrisrichardson.foodToGo.placeOrderTransactionScripts.dao.RestaurantDAOIBatisImpl">
		<constructor-arg ref="SqlMapClientTemplate" />
	</bean>

	<!--  FIXME -->

	<bean name="jdbcTemplate"
		class="org.springframework.jdbc.core.JdbcTemplate">
		<property name="dataSource" ref="DataSource"/>
		
	</bean>

</beans>
