<?xml version="1.0" encoding="UTF-8"?>
<blueprint xmlns="http://www.osgi.org/xmlns/blueprint/v1.0.0">

	<bean id="derbyDataSource"
		class="org.apache.derby.jdbc.ClientDataSource">
		<property name="createDatabase" value="create"/>
		<property name="databaseName" value="fancyfoodsDB"/>
		<property name="portNumber" value="1527"/>
		<property name="serverName" value="localhost"/>
	</bean>
	
    <bean id="derbyXADataSource"
		class="org.apache.derby.jdbc.ClientXADataSource">
		<property name="databaseName" value="fancyfoodsDB" />
		<property name="createDatabase" value="create" />
		<property name="serverName" value="localhost"/>
		<property name="portNumber" value="1527"/>
	</bean>

	<service ref="derbyDataSource" interface="javax.sql.DataSource">
		<service-properties>
			<entry key="osgi.jndi.service.name" 
			       value="jdbc/fancyfoodsdb"/>
		</service-properties>
	</service>

	<service ref="derbyXADataSource" 
	         interface="javax.sql.XADataSource">
		<service-properties>
			<entry key="osgi.jndi.service.name"
			       value="jdbc/xafancyfoodsdb" />
		</service-properties>
	</service>
	
</blueprint>