<?xml version="1.0" encoding="UTF-8"?>
<beans xmlns="http://www.springframework.org/schema/beans"
  xmlns:xsi="http://www.w3.org/2001/XMLSchema-instance"
  xsi:schemaLocation="http://www.springframework.org/schema/beans http://www.springframework.org/schema/beans/spring-beans.xsd">

  	<bean name="customerManager" class="com.extensiblejava.customer.impl.CustomerManagerImpl">
		<constructor-arg><ref bean="customerBuilder"/></constructor-arg>
	</bean>
	
	<bean name="customerBuilder" class="com.extensiblejava.customer.impl.DefaultCustomerBuilder">
		<constructor-arg><ref bean="orderBuilder"/></constructor-arg>
		<constructor-arg><ref bean="discountCalculator"/></constructor-arg>
	</bean>
	
	<bean name="orderBuilder" class="com.extensiblejava.order.impl.DefaultOrderBuilder"/>
	<bean name="discountCalculator" class="com.extensiblejava.calculator.impl.DefaultCalculator"/>

</beans>