<?xml version="1.0" encoding="UTF-8"?>
<beans xmlns="http://www.springframework.org/schema/beans"
  xmlns:xsi="http://www.w3.org/2001/XMLSchema-instance"
  xmlns:osgi="http://www.springframework.org/schema/osgi"
  xsi:schemaLocation="http://www.springframework.org/schema/beans http://www.springframework.org/schema/beans/spring-beans.xsd
                      http://www.springframework.org/schema/osgi http://www.springframework.org/schema/osgi/spring-osgi.xsd">


   <osgi:service id="CustomerManager" ref="customerManager" interface="com.extensiblejava.customer.CustomerManager"/>
  <!-- <osgi:reference id="discountService" interface="com.extensiblejava.calculator.DiscountCalculator"/> -->

  <!-- <osgi:service id="CustomerService" ref="customerService"
    interface="com.extensiblejava.customer.Customer">
  </osgi:service> -->

  <!-- <osgi:service id="DiscounterService" ref="discounterService"
    interface="com.extensiblejava.calculator.DiscountCalculator">
  </osgi:service> -->

   <!-- <osgi:service id="CustomerService3" ref="customerService3"
	interface="com.extensiblejava.customer.Customer">
   </osgi:service> -->

</beans>