<?xml version="1.0" encoding="UTF-8"?>

<!DOCTYPE beans PUBLIC "-//SPRING//DTD BEAN//EN"
"http://www.springframework.org/dtd/spring-beans.dtd">

<beans default-lazy-init="true">

	<bean id="PlaceOrderService" 
			lazy-init="true"
		  class="net.chrisrichardson.foodToGo.domain.PlaceOrderServiceImpl">
		  <constructor-arg>
		    <ref bean="PendingOrderRepositoryImpl"/>
		  </constructor-arg>
		  <constructor-arg>
		    <ref bean="RestaurantRepositoryImpl"/>
		  </constructor-arg>
		  <constructor-arg>
		    <ref bean="OrderRepository"/>
		  </constructor-arg>
	</bean>

	<bean id="TransactionRetryInterceptor"
		class="net.chrisrichardson.foodToGo.util.spring.TransactionRetryInterceptor">
		<property name="maxRetryCount"><value>5</value></property>
	</bean>
</beans>
