<?xml version="1.0" encoding="UTF-8"?>

<!DOCTYPE beans PUBLIC "-//SPRING//DTD BEAN//EN"
"http://www.springframework.org/dtd/spring-beans.dtd">

<beans>
	

	<bean id="DataSource" 
			lazy-init="true"
		  class="org.apache.commons.dbcp.BasicDataSource">
		  <property name="driverClassName"><value>org.hsqldb.jdbcDriver</value></property>
		  <property name="url"><value>jdbc:hsqldb:mem:testdb</value></property>
		  <property name="username"><value>sa</value></property>
		  <property name="password"><value></value></property>
	</bean>

    <bean id="resetDatabaseStrategy"
    	class="net.chrisrichardson.ormunit.hibernate.ResetDatabaseByRecreatingSchemaStrategy"/>
    	
    <bean id="HibernatePersistenceTestsStrategy"
    	class="net.chrisrichardson.ormunit.hibernate.SimpleHibernatePersistenceTestsStrategy">
    	<constructor-arg ref="transactionTemplate"/>
    </bean>

    
    <bean id="transactionTemplate"
    	class="org.springframework.transaction.support.TransactionTemplate">
    	<property name="transactionManager" ref="myTransactionManager"/>
    </bean>
    
    	
</beans>
	