<?xml version="1.0" encoding="UTF-8"?> 
<blueprint xmlns="http://www.osgi.org/xmlns/blueprint/v1.0.0">
  <bean id="square" class="org.foo.shape.square.Square" /> 
  <service id="shape" interface="org.foo.shape.SimpleShape" ref="square">
    <service-properties>
      <entry key="simple.shape.name" value="Square"/> 
      <entry key="simple.shape.icon">
        <bean class="org.foo.shape.square.IconFactory" factory-method="createIcon"/>
      </entry> 
    </service-properties>
  </service>
</blueprint>
