<?xml version="1.0" encoding="UTF-8" standalone="no"?>
<blueprint xmlns="http://www.osgi.org/xmlns/blueprint/v1.0.0">

	<reference id="ut" interface="javax.transaction.UserTransaction" />
	
	<bean id="txNsHandler" class="manning.osgi.TxNamespaceHandler" >
		<property name="UserTransaction" ref="ut" />
	</bean>
	
	<service interface="org.osgi.service.blueprint.namespace.NamespaceHandler" 
		ref="txNsHandler" >
		<service-properties>
			<entry key="osgi.service.blueprint.namespace"
				value="http://www.manning.com/xmlns/blueprint-tx/v1.0.0" />
		</service-properties>
	</service>

	<service interface="org.osgi.service.blueprint.namespace.NamespaceHandler">
		<service-properties>
			<entry key="osgi.service.blueprint.namespace"
				value="http://www.manning.com/xmlns/blueprint-sab/v1.0.0" />
		</service-properties>
		<bean class="manning.enterpriseosgi.sab.SabNamespaceHandler" />
	</service>
	
</blueprint>
