<?xml version="1.0" encoding="UTF-8"?>

<!DOCTYPE beans PUBLIC "-//SPRING//DTD BEAN//EN"
"http://www.springframework.org/dtd/spring-beans.dtd">

<beans>


	<bean id="matchAllMethods"
		class="org.springframework.transaction.interceptor.MatchAlwaysTransactionAttributeSource" />

	<bean id="TransactionInterceptor"
		class="org.springframework.transaction.interceptor.TransactionInterceptor">
		<property name="transactionManager">
			<ref bean="myTransactionManager" />
		</property>
		<property name="transactionAttributeSource">
			<ref bean="matchAllMethods" />
		</property>
	</bean>

	<bean id="transactionProxyCreator"
		class="org.springframework.aop.framework.autoproxy.BeanNameAutoProxyCreator">
		<property name="beanNames">
			<list>
				<idref bean="ModifyOrderService" />
				<idref bean="AcknowledgeOrderService" />
				<idref bean="DetachingAcknowledgeOrderService" />
				<idref bean="DetachingAcknowledgeOrderServiceWithLock" />
			</list>
		</property>
		<property name="interceptorNames">
			<list>
				<idref bean="TransactionInterceptor" />
			</list>
		</property>
	</bean>


</beans>
