<features xmlns="http://karaf.apache.org/xmlns/features/v1.0.0">
	<feature
		name="persistence"
		version="1.0.0">
		<bundle>mvn:commons-collections/commons-collections/3.2.1/</bundle>
		<bundle>mvn:commons-lang/commons-lang/2.4</bundle>
		<bundle>mvn:commons-pool/commons-pool/1.5</bundle>
		<bundle>mvn:org.apache.derby/derby/10.8.1.2</bundle>
		<bundle>mvn:org.apache.servicemix.bundles/org.apache.servicemix.bundles.serp/1.13.1_2/</bundle>
		<bundle>mvn:org.apache.openjpa/openjpa/2.0.1</bundle>
	</feature>
</features>