<persistence version="1.0" xmlns="http://java.sun.com/xml/ns/persistence" 
    xmlns:xsi="http://www.w3.org/2001/XMLSchema-instance" 
    xsi:schemaLocation="http://java.sun.com/xml/ns/persistence 
		http://java.sun.com/xml/ns/persistence/persistence_1_0.xsd">
    <persistence-unit name="LoginEvent">
        <class>manning.osgi.jpa.LoginEvent</class>        
          <properties>
            <property name="javax.persistence.jdbc.driver"
 				value="org.apache.derby.jdbc.EmbeddedDriver"/>
            <property name="javax.persistence.jdbc.url"	
 				value="jdbc:derby:derbyDB;create=true"/>
        </properties>
    </persistence-unit>
</persistence>
